{
  "ncx": 40,
  "ncy": 40,
  "Lx": 1.00000000,
  "Ly": 1.00000000,
  "dx": 0.02500000,
  "dy": 0.02500000,
  "cell_area": 0.00062500,
  "cell_centers_x": [0.01250000, 0.03750000, 0.06250000, 0.08750000, 0.11250000, 0.13750000, 0.16250001, 0.18750000, 0.21250001, 0.23750000, 0.26250002, 0.28749999, 0.31250000, 0.33750001, 0.36250001, 0.38750002, 0.41249999, 0.43750000, 0.46250001, 0.48750001, 0.51249999, 0.53750002, 0.56250000, 0.58750004, 0.61250001, 0.63749999, 0.66250002, 0.68750000, 0.71250004, 0.73750001, 0.76249999, 0.78750002, 0.81250000, 0.83750004, 0.86250001, 0.88749999, 0.91250002, 0.93750000, 0.96250004, 0.98750001],
  "cell_centers_y": [0.01250000, 0.03750000, 0.06250000, 0.08750000, 0.11250000, 0.13750000, 0.16250001, 0.18750000, 0.21250001, 0.23750000, 0.26250002, 0.28749999, 0.31250000, 0.33750001, 0.36250001, 0.38750002, 0.41249999, 0.43750000, 0.46250001, 0.48750001, 0.51249999, 0.53750002, 0.56250000, 0.58750004, 0.61250001, 0.63749999, 0.66250002, 0.68750000, 0.71250004, 0.73750001, 0.76249999, 0.78750002, 0.81250000, 0.83750004, 0.86250001, 0.88749999, 0.91250002, 0.93750000, 0.96250004, 0.98750001],
  "node_x": [0.00000000, 0.02500000, 0.05000000, 0.07500000, 0.10000000, 0.12500000, 0.15000001, 0.17500000, 0.20000000, 0.22500001, 0.25000000, 0.27500001, 0.30000001, 0.32500002, 0.34999999, 0.37500000, 0.40000001, 0.42500001, 0.45000002, 0.47499999, 0.50000000, 0.52500004, 0.55000001, 0.57499999, 0.60000002, 0.62500000, 0.65000004, 0.67500001, 0.69999999, 0.72500002, 0.75000000, 0.77500004, 0.80000001, 0.82499999, 0.85000002, 0.87500000, 0.90000004, 0.92500001, 0.94999999, 0.97500002, 1.00000000],
  "node_y": [0.00000000, 0.02500000, 0.05000000, 0.07500000, 0.10000000, 0.12500000, 0.15000001, 0.17500000, 0.20000000, 0.22500001, 0.25000000, 0.27500001, 0.30000001, 0.32500002, 0.34999999, 0.37500000, 0.40000001, 0.42500001, 0.45000002, 0.47499999, 0.50000000, 0.52500004, 0.55000001, 0.57499999, 0.60000002, 0.62500000, 0.65000004, 0.67500001, 0.69999999, 0.72500002, 0.75000000, 0.77500004, 0.80000001, 0.82499999, 0.85000002, 0.87500000, 0.90000004, 0.92500001, 0.94999999, 0.97500002, 1.00000000]
}
