{
  "ncx": 5,
  "ncy": 5,
  "Lx": 1.00000000,
  "Ly": 1.00000000,
  "dx": 0.20000000,
  "dy": 0.20000000,
  "cell_area": 0.04000000,
  "cell_centers_x": [0.10000000, 0.30000001, 0.50000000, 0.69999999, 0.90000004],
  "cell_centers_y": [0.10000000, 0.30000001, 0.50000000, 0.69999999, 0.90000004],
  "node_x": [0.00000000, 0.20000000, 0.40000001, 0.60000002, 0.80000001, 1.00000000],
  "node_y": [0.00000000, 0.20000000, 0.40000001, 0.60000002, 0.80000001, 1.00000000]
}
