{
  "ncx": 10,
  "ncy": 10,
  "Lx": 1.00000000,
  "Ly": 1.00000000,
  "dx": 0.10000000,
  "dy": 0.10000000,
  "cell_area": 0.01000000,
  "cell_centers_x": [0.05000000, 0.15000001, 0.25000000, 0.34999999, 0.45000002, 0.55000001, 0.65000004, 0.75000000, 0.85000002, 0.94999999],
  "cell_centers_y": [0.05000000, 0.15000001, 0.25000000, 0.34999999, 0.45000002, 0.55000001, 0.65000004, 0.75000000, 0.85000002, 0.94999999],
  "node_x": [0.00000000, 0.10000000, 0.20000000, 0.30000001, 0.40000001, 0.50000000, 0.60000002, 0.69999999, 0.80000001, 0.90000004, 1.00000000],
  "node_y": [0.00000000, 0.10000000, 0.20000000, 0.30000001, 0.40000001, 0.50000000, 0.60000002, 0.69999999, 0.80000001, 0.90000004, 1.00000000]
}
