{
  "ncx": 50,
  "ncy": 50,
  "Lx": 1.00000000,
  "Ly": 1.00000000,
  "dx": 0.02000000,
  "dy": 0.02000000,
  "cell_area": 0.00040000,
  "cell_centers_x": [0.01000000, 0.03000000, 0.05000000, 0.07000000, 0.09000000, 0.11000000, 0.13000000, 0.14999999, 0.17000000, 0.19000000, 0.20999999, 0.22999999, 0.25000000, 0.26999998, 0.28999999, 0.31000000, 0.32999998, 0.34999999, 0.37000000, 0.38999999, 0.41000000, 0.42999998, 0.44999999, 0.47000000, 0.48999998, 0.50999999, 0.52999997, 0.55000001, 0.56999999, 0.58999997, 0.61000001, 0.63000000, 0.64999998, 0.66999996, 0.69000000, 0.70999998, 0.72999996, 0.75000000, 0.76999998, 0.78999996, 0.81000000, 0.82999998, 0.84999996, 0.87000000, 0.88999999, 0.90999997, 0.93000001, 0.94999999, 0.96999997, 0.98999995],
  "cell_centers_y": [0.01000000, 0.03000000, 0.05000000, 0.07000000, 0.09000000, 0.11000000, 0.13000000, 0.14999999, 0.17000000, 0.19000000, 0.20999999, 0.22999999, 0.25000000, 0.26999998, 0.28999999, 0.31000000, 0.32999998, 0.34999999, 0.37000000, 0.38999999, 0.41000000, 0.42999998, 0.44999999, 0.47000000, 0.48999998, 0.50999999, 0.52999997, 0.55000001, 0.56999999, 0.58999997, 0.61000001, 0.63000000, 0.64999998, 0.66999996, 0.69000000, 0.70999998, 0.72999996, 0.75000000, 0.76999998, 0.78999996, 0.81000000, 0.82999998, 0.84999996, 0.87000000, 0.88999999, 0.90999997, 0.93000001, 0.94999999, 0.96999997, 0.98999995],
  "node_x": [0.00000000, 0.02000000, 0.04000000, 0.06000000, 0.08000000, 0.09999999, 0.12000000, 0.14000000, 0.16000000, 0.17999999, 0.19999999, 0.22000000, 0.23999999, 0.25999999, 0.28000000, 0.29999998, 0.31999999, 0.34000000, 0.35999998, 0.38000000, 0.39999998, 0.41999999, 0.44000000, 0.45999998, 0.47999999, 0.50000000, 0.51999998, 0.53999996, 0.56000000, 0.57999998, 0.59999996, 0.62000000, 0.63999999, 0.65999997, 0.68000001, 0.69999999, 0.71999997, 0.74000001, 0.75999999, 0.77999997, 0.79999995, 0.81999999, 0.83999997, 0.85999995, 0.88000000, 0.89999998, 0.91999996, 0.94000000, 0.95999998, 0.97999996, 1.00000000],
  "node_y": [0.00000000, 0.02000000, 0.04000000, 0.06000000, 0.08000000, 0.09999999, 0.12000000, 0.14000000, 0.16000000, 0.17999999, 0.19999999, 0.22000000, 0.23999999, 0.25999999, 0.28000000, 0.29999998, 0.31999999, 0.34000000, 0.35999998, 0.38000000, 0.39999998, 0.41999999, 0.44000000, 0.45999998, 0.47999999, 0.50000000, 0.51999998, 0.53999996, 0.56000000, 0.57999998, 0.59999996, 0.62000000, 0.63999999, 0.65999997, 0.68000001, 0.69999999, 0.71999997, 0.74000001, 0.75999999, 0.77999997, 0.79999995, 0.81999999, 0.83999997, 0.85999995, 0.88000000, 0.89999998, 0.91999996, 0.94000000, 0.95999998, 0.97999996, 1.00000000]
}
